{
  "assetsByChunkName": {
    "component---src-pages-index-js": [
      "component---src-pages-index-js-12dce9a6804aae769e59.js",
      "component---src-pages-index-js-12dce9a6804aae769e59.js.map"
    ],
    "component---src-pages-works-js": [
      "component---src-pages-works-js-dcbe72c22d2eaa765dd5.js",
      "component---src-pages-works-js-dcbe72c22d2eaa765dd5.js.map"
    ],
    "path---works-twm": [
      "path---works-twm-748514fddae62b4c8323.js",
      "path---works-twm-748514fddae62b4c8323.js.map"
    ],
    "path---works-skate-vibes": [
      "path---works-skate-vibes-29982319875f22622268.js",
      "path---works-skate-vibes-29982319875f22622268.js.map"
    ],
    "path---": [
      "path----557518bd178906f8d58a.js",
      "path----557518bd178906f8d58a.js.map"
    ],
    "component---src-pages-contact-js": [
      "component---src-pages-contact-js-4d86975aeee9b46e7931.js",
      "component---src-pages-contact-js-4d86975aeee9b46e7931.js.map"
    ],
    "path---works-yoshi": [
      "path---works-yoshi-91a267176a319c1e6987.js",
      "path---works-yoshi-91a267176a319c1e6987.js.map"
    ],
    "component---src-layouts-index-js": [
      "component---src-layouts-index-js-74a1317a0978e9e86a18.js",
      "component---src-layouts-index-js-74a1317a0978e9e86a18.js.map"
    ],
    "path---works": [
      "path---works-975776eeca70ffbe1bbc.js",
      "path---works-975776eeca70ffbe1bbc.js.map"
    ],
    "path---index": [
      "path---index-a0e39f21c11f6a62c5ab.js",
      "path---index-a0e39f21c11f6a62c5ab.js.map"
    ],
    "component---src-pages-404-js": [
      "component---src-pages-404-js-4503918ea3a16cfcdb75.js",
      "component---src-pages-404-js-4503918ea3a16cfcdb75.js.map"
    ],
    "commons": [
      "commons-e1b73464e9fb4e45d9fd.js",
      "commons-e1b73464e9fb4e45d9fd.js.map"
    ],
    "component---src-templates-work-template-js": [
      "component---src-templates-work-template-js-e6b0396f3b07d2b8ca7c.js",
      "component---src-templates-work-template-js-e6b0396f3b07d2b8ca7c.js.map"
    ],
    "path---404-html": [
      "path---404-html-a0e39f21c11f6a62c5ab.js",
      "path---404-html-a0e39f21c11f6a62c5ab.js.map"
    ],
    "path---works-creepee": [
      "path---works-creepee-02b79a92ed3927618e55.js",
      "path---works-creepee-02b79a92ed3927618e55.js.map"
    ],
    "path---contact": [
      "path---contact-a0e39f21c11f6a62c5ab.js",
      "path---contact-a0e39f21c11f6a62c5ab.js.map"
    ],
    "path---works-blue-plate": [
      "path---works-blue-plate-a9ef8d10af794a4141bd.js",
      "path---works-blue-plate-a9ef8d10af794a4141bd.js.map"
    ],
    "path---works-make-your-vote-up": [
      "path---works-make-your-vote-up-2b532af2c0749f6b1be8.js",
      "path---works-make-your-vote-up-2b532af2c0749f6b1be8.js.map"
    ],
    "app": [
      "app-a506e3222aec88a7b11d.js",
      "app-a506e3222aec88a7b11d.js.map"
    ],
    "path---404": [
      "path---404-a0e39f21c11f6a62c5ab.js",
      "path---404-a0e39f21c11f6a62c5ab.js.map"
    ]
  }
}